<?xml version="1.0" encoding="utf-8"?>
<annotations>
  <version>1.1</version>
  <meta>
    <task>
      <id>5</id>
      <name>0064100412161800004.MOV_260_H1062_15s</name>
      <size>451</size>
      <mode>interpolation</mode>
      <overlap>0</overlap>
      <bugtracker></bugtracker>
      <created>2020-09-17 00:14:23.581759+00:00</created>
      <updated>2020-09-17 00:17:31.418173+00:00</updated>
      <start_frame>0</start_frame>
      <stop_frame>450</stop_frame>
      <frame_filter></frame_filter>
      <z_order>True</z_order>
      <labels>
        <label>
          <name>advertisement_sign</name>
          <color>#6b4c0a</color>
          <attributes>
          </attributes>
        </label>
        <label>
          <name>bicycle</name>
          <color>#8c78f0</color>
          <attributes>
          </attributes>
        </label>
        <label>
          <name>building</name>
          <color>#5986b3</color>
          <attributes>
          </attributes>
        </label>
        <label>
          <name>bus</name>
          <color>#fafa37</color>
          <attributes>
          </attributes>
        </label>
        <label>
          <name>car</name>
          <color>#33ddff</color>
          <attributes>
          </attributes>
        </label>
        <label>
          <name>contruction_cone</name>
          <color>#f0bf60</color>
          <attributes>
          </attributes>
        </label>
        <label>
          <name>curb</name>
          <color>#b6b2aa</color>
          <attributes>
          </attributes>
        </label>
        <label>
          <name>ego_vehicle</name>
          <color>#b83df5</color>
          <attributes>
          </attributes>
        </label>
        <label>
          <name>e-scooter</name>
          <color>#8c78f0</color>
          <attributes>
          </attributes>
        </label>
        <label>
          <name>lane_marking</name>
          <color>#bebec5</color>
          <attributes>
          </attributes>
        </label>
        <label>
          <name>motorcycle</name>
          <color>#4a39a1</color>
          <attributes>
          </attributes>
        </label>
        <label>
          <name>parking_zone</name>
          <color>#fafa37</color>
          <attributes>
          </attributes>
        </label>
        <label>
          <name>pedestrian</name>
          <color>#f078f0</color>
          <attributes>
          </attributes>
        </label>
        <label>
          <name>pole</name>
          <color>#733380</color>
          <attributes>
          </attributes>
        </label>
        <label>
          <name>rider</name>
          <color>#f078f0</color>
          <attributes>
          </attributes>
        </label>
        <label>
          <name>road</name>
          <color>#975151</color>
          <attributes>
          </attributes>
        </label>
        <label>
          <name>semi-truck</name>
          <color>#66ff66</color>
          <attributes>
          </attributes>
        </label>
        <label>
          <name>sidewalk</name>
          <color>#8c78f0</color>
          <attributes>
          </attributes>
        </label>
        <label>
          <name>sky</name>
          <color>#32b7fa</color>
          <attributes>
          </attributes>
        </label>
        <label>
          <name>traffic_light</name>
          <color>#fafa37</color>
          <attributes>
          </attributes>
        </label>
        <label>
          <name>traffic_sign</name>
          <color>#fafa37</color>
          <attributes>
          </attributes>
        </label>
        <label>
          <name>trees</name>
          <color>#24b353</color>
          <attributes>
          </attributes>
        </label>
        <label>
          <name>vegetation</name>
          <color>#185f30</color>
          <attributes>
          </attributes>
        </label>
        <label>
          <name>nose</name>
          <color>#33ddff</color>
          <attributes>
          </attributes>
        </label>
        <label>
          <name>left_eye</name>
          <color>#fa3253</color>
          <attributes>
          </attributes>
        </label>
        <label>
          <name>right_eye</name>
          <color>#ddff33</color>
          <attributes>
          </attributes>
        </label>
        <label>
          <name>left_ear</name>
          <color>#24b353</color>
          <attributes>
          </attributes>
        </label>
        <label>
          <name>right_ear</name>
          <color>#b83df5</color>
          <attributes>
          </attributes>
        </label>
        <label>
          <name>left_shoulder</name>
          <color>#66ff66</color>
          <attributes>
          </attributes>
        </label>
        <label>
          <name>right_shoulder</name>
          <color>#ffcc33</color>
          <attributes>
          </attributes>
        </label>
        <label>
          <name>left_elbow</name>
          <color>#8c78f0</color>
          <attributes>
          </attributes>
        </label>
        <label>
          <name>right_elbow</name>
          <color>#2a7dd1</color>
          <attributes>
          </attributes>
        </label>
        <label>
          <name>left_wrist</name>
          <color>#cc9933</color>
          <attributes>
          </attributes>
        </label>
        <label>
          <name>right_wrist</name>
          <color>#aaf0d1</color>
          <attributes>
          </attributes>
        </label>
        <label>
          <name>left_hip</name>
          <color>#3d3df5</color>
          <attributes>
          </attributes>
        </label>
        <label>
          <name>right_hip</name>
          <color>#733380</color>
          <attributes>
          </attributes>
        </label>
        <label>
          <name>left_knee</name>
          <color>#33ddff</color>
          <attributes>
          </attributes>
        </label>
        <label>
          <name>right_knee</name>
          <color>#83e070</color>
          <attributes>
          </attributes>
        </label>
        <label>
          <name>left_ankle</name>
          <color>#fa3253</color>
          <attributes>
          </attributes>
        </label>
        <label>
          <name>right_ankle</name>
          <color>#5986b3</color>
          <attributes>
          </attributes>
        </label>
      </labels>
      <segments>
        <segment>
          <id>5</id>
          <start>0</start>
          <stop>450</stop>
          <url>http134.68.81.217:8080/?id=5</url>
        </segment>
      </segments>
      <owner>
        <username>Tina</username>
        <email>chen289@iu.edu</email>
      </owner>
      <assignee>
        <username>Unassigned</username>
        <email>chen289@iupui.edu</email>
      </assignee>
      <original_size>
        <width>1280</width>
        <height>720</height>
      </original_size>
    </task>
    <dumped>2020-09-17 00:17:41.610551+00:00</dumped>
    <source>0064100412161800004.MOV_260_H1062_15s.avi</source>
  </meta>
  <track id="0" label="advertisement_sign" source="manual">
    <box frame="0" outside="0" occluded="0" keyframe="1" xtl="757.44" ytl="370.11" xbr="821.01" ybr="425.93" z_order="0">
    </box>
    <box frame="1" outside="1" occluded="0" keyframe="1" xtl="757.44" ytl="370.11" xbr="821.01" ybr="425.93" z_order="0">
    </box>
  </track>
</annotations>